<application>
  <component name="NotificationConfiguration">
    <notification groupId="Debugger messages" displayType="TOOL_WINDOW" />
    <notification groupId="Dynamic plugin installation" />
    <notification groupId="Find in Path" displayType="TOOL_WINDOW" />
    <notification groupId="Find Problems" displayType="STICKY_BALLOON" />
    <notification groupId="Plugins AutoSwitch" />
    <notification groupId="Plugins updates" displayType="STICKY_BALLOON" />
    <notification groupId="Profiling" />
  </component>
</application>