<application>
  <component name="CodeFoldingSettings">
    <option name="COLLAPSE_METHODS" value="true" />
    <option name="COLLAPSE_DOC_COMMENTS" value="true" />
    <option name="COLLAPSE_CUSTOM_FOLDING_REGIONS" value="true" />
  </component>
  <component name="CodeInsightSettings">
    <option name="PARAMETER_INFO_DELAY" value="100" />
    <option name="AUTO_POPUP_JAVADOC_INFO" value="true" />
    <option name="JAVADOC_INFO_DELAY" value="100" />
  </component>
  <component name="DefaultFont">
    <option name="FONT_SIZE" value="18" />
    <option name="USE_LIGATURES" value="true" />
  </component>
  <component name="EditorSettings">
    <option name="SOFT_WRAP_FILE_MASKS" value="*.md; *.txt; *.rst; *.adoc" />
    <option name="IS_WHEEL_FONTCHANGE_ENABLED" value="true" />
  </component>
  <component name="JSCodeFoldingSettings">
    <option name="collapseObjectLiterals" value="true" />
    <option name="collapseOneLineFunctions" value="true" />
    <option name="COLLAPSE_OBJECT_LITERALS" value="true" />
  </component>
  <component name="OCCodeFoldingSettings">
    <option name="collapseMultilineComments" value="true" />
    <option name="COLLAPSE_MULTILINE_COMMENTS" value="true" />
  </component>
  <component name="PythonFoldingSettings">
    <option name="COLLAPSE_LONG_STRINGS" value="true" />
    <option name="COLLAPSE_LONG_COLLECTIONS" value="true" />
  </component>
</application>