<code_scheme name="Default" version="173">
  <Objective-C>
    <option name="SPACE_WITHIN_FUNCTION_DECLARATION_PARENTHESES" value="true" />
    <option name="SPACE_WITHIN_FUNCTION_CALL_PARENTHESES" value="true" />
    <option name="SPACE_AFTER_POINTER_IN_DECLARATION" value="true" />
    <option name="DISCHARGED_SHORT_TERNARY_OPERATOR" value="true" />
  </Objective-C>
  <clangFormatSettings>
    <option name="ENABLED" value="true" />
  </clangFormatSettings>
  <codeStyleSettings language="ObjectiveC">
    <option name="SPACE_WITHIN_PARENTHESES" value="true" />
    <option name="SPACE_WITHIN_IF_PARENTHESES" value="true" />
    <option name="SPACE_WITHIN_WHILE_PARENTHESES" value="true" />
    <option name="SPACE_WITHIN_FOR_PARENTHESES" value="true" />
    <option name="SPACE_WITHIN_CATCH_PARENTHESES" value="true" />
    <option name="SPACE_WITHIN_SWITCH_PARENTHESES" value="true" />
    <option name="SPACE_WITHIN_CAST_PARENTHESES" value="true" />
    <option name="SPACE_WITHIN_BRACKETS" value="true" />
    <option name="SPACE_WITHIN_ARRAY_INITIALIZER_BRACES" value="true" />
    <indentOptions>
      <option name="TAB_SIZE" value="2" />
      <option name="USE_TAB_CHARACTER" value="true" />
      <option name="SMART_TABS" value="true" />
      <option name="LABEL_INDENT_ABSOLUTE" value="true" />
    </indentOptions>
  </codeStyleSettings>
</code_scheme>