<keymap version="1" name="Sublime Text copy" parent="Sublime Text">
  <action id="$Paste">
    <keyboard-shortcut first-keystroke="shift ctrl v" />
    <keyboard-shortcut first-keystroke="ctrl v" />
  </action>
  <action id="Editor Paste">
    <keyboard-shortcut first-keystroke="ctrl v" />
  </action>
  <action id="EditorPasteSimple">
    <keyboard-shortcut first-keystroke="shift insert" />
  </action>
  <action id="SplitVertically">
    <keyboard-shortcut first-keystroke="ctrl back_slash" />
  </action>
</keymap>