<keymap version="1" name="Default for XWin copy" parent="Default for XWin">
  <action id="$SearchWeb">
    <keyboard-shortcut first-keystroke="ctrl g" />
  </action>
  <action id="ActivateTerminalToolWindow">
    <keyboard-shortcut first-keystroke="alt f12" />
    <keyboard-shortcut first-keystroke="ctrl t" />
  </action>
  <action id="BuildProject">
    <keyboard-shortcut first-keystroke="ctrl b" />
  </action>
  <action id="ChangesView.Diff" />
  <action id="ChangesView.SetDefault" />
  <action id="CloseContent">
    <keyboard-shortcut first-keystroke="ctrl f4" />
    <keyboard-shortcut first-keystroke="ctrl w" />
  </action>
  <action id="CodeCompletion" />
  <action id="CollapseAll">
    <keyboard-shortcut first-keystroke="ctrl subtract" />
  </action>
  <action id="CollapseExpandableComponent">
    <keyboard-shortcut first-keystroke="shift enter" />
    <keyboard-shortcut first-keystroke="ctrl subtract" />
  </action>
  <action id="CollapseRegion">
    <keyboard-shortcut first-keystroke="ctrl subtract" />
  </action>
  <action id="CompareTwoFiles" />
  <action id="Console.TableResult.CloneRow" />
  <action id="Console.TableResult.FindInGrid">
    <keyboard-shortcut first-keystroke="alt f3" />
  </action>
  <action id="Console.TableResult.NavigateExportedAction">
    <keyboard-shortcut first-keystroke="alt f7" />
  </action>
  <action id="ContextHelp" />
  <action id="DatabaseView.CopyAction" />
  <action id="Debug">
    <keyboard-shortcut first-keystroke="shift f9" />
    <keyboard-shortcut first-keystroke="f12" />
  </action>
  <action id="Diff.FocusOppositePane" />
  <action id="Diff.ShowDiff" />
  <action id="Editor Paste">
    <keyboard-shortcut first-keystroke="ctrl v" />
  </action>
  <action id="Editor SearchWeb">
    <keyboard-shortcut first-keystroke="ctrl g" />
  </action>
  <action id="EditorDuplicate" />
  <action id="EditorPasteSimple">
    <keyboard-shortcut first-keystroke="shift ctrl alt v" />
    <keyboard-shortcut first-keystroke="shift ctrl v" />
  </action>
  <action id="EditorSelectWord" />
  <action id="ExternalSystem.CollapseAll">
    <keyboard-shortcut first-keystroke="ctrl subtract" />
  </action>
  <action id="FileChooser.GotoDesktop" />
  <action id="FindInPath">
    <keyboard-shortcut first-keystroke="alt f" />
  </action>
  <action id="FindUsagesInFile">
    <keyboard-shortcut first-keystroke="ctrl f7" />
    <keyboard-shortcut first-keystroke="shift ctrl f" />
  </action>
  <action id="GotoDeclaration">
    <mouse-shortcut keystroke="control button1" />
  </action>
  <action id="GotoLine" />
  <action id="Images.Editor.ZoomOut">
    <keyboard-shortcut first-keystroke="ctrl subtract" />
  </action>
  <action id="Jdbc.OpenEditor.DDL">
    <mouse-shortcut keystroke="control button1" />
  </action>
  <action id="JumpToLastWindow" />
  <action id="NextTab">
    <keyboard-shortcut first-keystroke="ctrl tab" />
  </action>
  <action id="PasteMultiple">
    <keyboard-shortcut first-keystroke="shift ctrl insert" />
  </action>
  <action id="Run">
    <keyboard-shortcut first-keystroke="shift f10" />
    <keyboard-shortcut first-keystroke="f1" />
  </action>
  <action id="RunDashboard.CopyConfiguration" />
  <action id="SelectNextOccurrence">
    <keyboard-shortcut first-keystroke="alt j" />
    <keyboard-shortcut first-keystroke="ctrl d" />
  </action>
  <action id="SendEOF" />
  <action id="SplitHorizontally">
    <keyboard-shortcut first-keystroke="ctrl minus" />
  </action>
  <action id="SplitVertically">
    <keyboard-shortcut first-keystroke="ctrl back_slash" />
  </action>
  <action id="Switcher">
    <keyboard-shortcut first-keystroke="shift ctrl tab" />
  </action>
  <action id="Vcs.Log.GoToRef">
    <keyboard-shortcut first-keystroke="alt f3" />
  </action>
  <action id="Vcs.UpdateProject" />
  <action id="XDebugger.CopyWatch" />
  <action id="openAssertEqualsDiff" />
</keymap>